b;Okno GZL 1059  55x78;621.14
b;Okno GZL 1059  66x118;819.51
b;Okno GZL 1059  78x98;811.38
b;Okno GZL 1059  78x118;854.47
b;Okno GZL 1059  78x140;940.65
b;Okno GZL 1059  78x160;1069.92
b;Okno GZL 1059  94x140;1113.01
b;Okno GZL 1059  114x140;1285.37
b;Okno GZL 1059 B  66x118;819.51
b;Okno GZL 1059 B  78x98;811.38
b;Okno GZL 1059 B  78x118;854.47
b;Okno GZL 1059 B  78x140;940.65
b;Okno GZL 1059 B  78x160;1069.92
b;Okno GZL 1059 B  94x140;1113.01
b;Okno GGL 3073  55x78;873.98
b;Okno GGL 3073  66x118;1149.59
b;Okno GGL 3073  66x140;1317.07
b;Okno GGL 3073  78x98;1137.4
b;Okno GGL 3073  78x118;1197.56
b;Okno GGL 3073  78x140;1317.07
b;Okno GGL 3073  78x160;1496.75
b;Okno GGL 3073  94x140;1556.91
b;Okno GGL 3073  114x140;1796.75
b;Okno GGU 0073  55x78;1010.57
b;Okno GGU 0073  66x118;1329.27
b;Okno GGU 0073  66x140;1522.76
b;Okno GGU 0073  78x98;1315.45
b;Okno GGU 0073  78x118;1384.55
b;Okno GGU 0073  78x140;1522.76
b;Okno GGU 0073  78x160;1730.08
b;Okno GGU 0073  94x140;1800
b;Okno GGU 0073  114x140;2076.42